{"cameraMode":{"drawMode":0,"name":"Shaded","section":"Shading Mode"},"sceneLighting":false,"audioPlay":false,"sceneViewState":{"showFog":true,"showMaterialUpdate":false,"showSkybox":true,"showFlares":true,"showImageEffects":true,"showParticleSystems":true},"in2DMode":false,"pivot":{"x":-5.420000076293945,"y":-1.090000033378601,"z":-1.2799999713897706},"rotation":{"x":-0.19182085990905763,"y":-0.1489272117614746,"z":0.02946249581873417,"w":-0.9696171879768372},"size":2.8578836917877199,"orthographic":false}