{"cameraMode":{"drawMode":0,"name":"Shaded","section":"Shading Mode"},"sceneLighting":true,"audioPlay":false,"sceneViewState":{"showFog":true,"showMaterialUpdate":false,"showSkybox":true,"showFlares":true,"showImageEffects":true,"showParticleSystems":true},"in2DMode":false,"pivot":{"x":301.5815124511719,"y":-73.80157470703125,"z":1230.8924560546875},"rotation":{"x":-0.1378360539674759,"y":-0.02169196680188179,"z":0.0030194681603461506,"w":-0.9902129173278809},"size":2029.0418701171875,"orthographic":false}