{"cameraMode":{"drawMode":0,"name":"Shaded","section":"Shading Mode"},"sceneLighting":true,"audioPlay":false,"sceneViewState":{"showFog":true,"showMaterialUpdate":false,"showSkybox":true,"showFlares":true,"showImageEffects":true,"showParticleSystems":true},"in2DMode":false,"pivot":{"x":9.135015487670899,"y":-1.5453858375549317,"z":0.9909629821777344},"rotation":{"x":-0.18516074120998383,"y":-0.17525407671928407,"z":0.03357937932014465,"w":-0.9663715958595276},"size":19.494287490844728,"orthographic":false}